File Path,Title,Slug,Language,Series
"30000partners/index.html","index","index","English","First 100"
"calendar/index.html","www.historycalendar.org","www-historycalendar-org","English","First 100"
"711/index.html","index","index","English","First 100"
"albanian/index.html","Rrotullues n","rrotullues-n","English","First 100"
"_media/index.html","Index of /first100/_media","index-of-first100-media","English","First 100"
"_include/peace_header.html","The Presidents of Rotary International","the-presidents-of-rotary-international","English","First 100"
"_include/rotary_network.html","Rotary International Fellowships and Action Groups","rotary-international-fellowships-and-action-groups","English","First 100"
"_include/rotary_regions.html","Rotary International Regional Histories","rotary-international-regional-histories","English","First 100"
"_include/RGHF_header.html","Rotary Global History Foundation","rotary-global-history-foundation","English","First 100"
"_include/rotary_first_100_header.html","Rotary First 100 Clubs","rotary-first-100-clubs","English","First 100"
"_include/rotary_foundation.html","A History of the Rotary Foundation","a-history-of-the-rotary-foundation","English","First 100"
"_include/rotary_presidents.html","The Presidents of Rotary International","the-presidents-of-rotary-international","English","First 100"
"_include/rotary_conventions.html","The Presidents of Rotary International","the-presidents-of-rotary-international","English","First 100"
"_include/rotary_leaders.html","The Early Leaders of Rotary International","the-early-leaders-of-rotary-international","English","First 100"
"_include/rotaryfoundation_hor.html","A History of the Rotary Foundation","a-history-of-the-rotary-foundation","English","First 100"
"_include/RGHF_menu.html","RGHF","rghf","English","First 100"
"_include/district_menu.html","Rotary Global History Menu","rotary-global-history-menu","English","First 100"
"_include/rotary_fellowships.html","Rotary International in War and Peace","rotary-international-in-war-and-peace","English","First 100"
"_include/rotary_and_youth.html","Rotary and Youth","rotary-and-youth","English","First 100"
"_include/new_header.html","RGHF","rghf","English","First 100"
"_include/rotary_global_history_header.html","The history of Rotary from RGHF","the-history-of-rotary-from-rghf","English","First 100"
"_include/index.html","index","index","English","First 100"
"_include/menutop.html","Helen Reisler","helen-reisler","English","First 100"
"_include/rotary_and_war.html","Rotary International in War and Peace","rotary-international-in-war-and-peace","English","First 100"
"global/asia.html","www.asiahistory.org","www-asiahistory-org","English","First 100"
"global/regions.html","Regions of the world","regions-of-the-world","English","First 100"
"global/australia.html","All Rotarian Action Groups","all-rotarian-action-groups","English","First 100"
"global/conflict/index.html","Global Conflict","global-conflict","English","First 100"
"global/africa/pretoria.html","Pretoria","pretoria","English","First 100"
"global/africa/capetown.html","Capetown","capetown","English","First 100"
"global/africa/index.html","www.africaclubhistory.org","www-africaclubhistory-org","English","First 100"
"global/africa/johannesburg.html","Johannesburg","johannesburg","English","First 100"
"global/africa/pmb.html","PMB","pmb","English","First 100"
"global/countries/fiji.html","Suva","suva","English","First 100"
"global/countries/sweden.html","Rotary Club of Stockholm","rotary-club-of-stockholm","English","First 100"
"global/countries/mali/index.html","First Club of Mali","first-club-of-mali","English","First 100"
"global/countries/italy.html","Rotary Club of Milano","rotary-club-of-milano","English","First 100"
"global/countries.html","First Rotary Club of each Region or Country","first-rotary-club-of-each-region-or-country","English","First 100"
"global/southamerica/panamacity.html","CR de Panama","cr-de-panama","English","First 100"
"global/southamerica/mexicocity.html","Mexico City","mexico-city","English","First 100"
"global/southamerica/saopaulo.html","Sao Paulo","sao-paulo","English","First 100"
"global/southamerica/rio.html","Rio de Janeiro","rio-de-janeiro","English","First 100"
"global/southamerica/lima.html","Rotary Club of Lima","rotary-club-of-lima","English","First 100"
"global/southamerica/montevideo.html","Montevideo","montevideo","English","First 100"
"global/southamerica/buenosaires.html","Club Rotario of Buenos Aires","club-rotario-of-buenos-aires","English","First 100"
"global/southamerica/havana.html","Havana","havana","English","First 100"
"global/southamerica/sanjuan.html","San Juan","san-juan","English","First 100"
"global/southamerica/valparaiso.html","Valparaiso","valparaiso","English","First 100"
"global/index.html","Rotary International in Peace Efforts and in War ","rotary-international-in-peace-efforts-and-in-war","English","First 100"
"global/australia/newzealand/dunedin.html","Dunedin","dunedin","English","First 100"
"global/australia/newzealand/invercargill.html","Invercargill","invercargill","English","First 100"
"global/australia/newzealand/auckland.html","Auckland","auckland","English","First 100"
"global/australia/newzealand/wellington.html","Wellington","wellington","English","First 100"
"global/australia/newzealand/christchurch.html","Christ Church","christ-church","English","First 100"
"global/australia/newzealand/palmerstonnorth.html","Palmerston North","palmerston-north","English","First 100"
"global/australia/newzealand/wanganui.html","Wanganui","wanganui","English","First 100"
"global/australia/newzealand/napier.html","Napier","napier","English","First 100"
"global/australia/newzealand/history.html","The beginnings of Rotary in New Zealand","the-beginnings-of-rotary-in-new-zealand","English","First 100"
"global/australia/newzealand/hastings.html","Hastings","hastings","English","First 100"
"global/australia/newzealand/hamilton.html","Hamilton","hamilton","English","First 100"
"global/australia/clubs/parramatta.html","Rotary Club of Parramatta","rotary-club-of-parramatta","English","First 100"
"global/australia/clubs/adelaide.html","Rotary Club of Adelaide","rotary-club-of-adelaide","English","First 100"
"global/australia/clubs/perth.html","Rotary Club of Perth","rotary-club-of-perth","English","First 100"
"global/australia/clubs/sale.html","Rotary Club of Sale","rotary-club-of-sale","English","First 100"
"global/australia/clubs/hobart.html","Rotary Club of Hobart","rotary-club-of-hobart","English","First 100"
"global/australia/clubs/newcastle.html","Rotary Club of Newcastle","rotary-club-of-newcastle","English","First 100"
"global/australia/clubs/canberra.html","Rotary Club of Canberra","rotary-club-of-canberra","English","First 100"
"global/australia/clubs/mackay.html","Rotary Club of Mackay","rotary-club-of-mackay","English","First 100"
"global/australia/clubs/ballarat.html","Rotary Club of Ballarat","rotary-club-of-ballarat","English","First 100"
"global/australia/clubs/wollongong.html","Rotary Club of Wollongong","rotary-club-of-wollongong","English","First 100"
"global/australia/clubs/albury.html","Rotary Club of Albury","rotary-club-of-albury","English","First 100"
"global/australia/clubs/launceston.html","Rotary Club of Launceston","rotary-club-of-launceston","English","First 100"
"global/australia/clubs/townsville.html","Rotary Club of Townsville","rotary-club-of-townsville","English","First 100"
"global/australia/clubs/geelong.html","Rotary Club of Geelong","rotary-club-of-geelong","English","First 100"
"global/australia/clubs/sydney.html","Rotary Club of Sydney","rotary-club-of-sydney","English","First 100"
"global/australia/clubs/bendigo.html","Rotary Club of Bendigo","rotary-club-of-bendigo","English","First 100"
"global/australia/clubs/northsydney.html","Rotary Club of North Sydney","rotary-club-of-north-sydney","English","First 100"
"global/australia/clubs/rockhampton.html","Rotary Club of Rockhampton","rotary-club-of-rockhampton","English","First 100"
"global/australia/clubs/melbourne.html","Rotary Club of Melbourne","rotary-club-of-melbourne","English","First 100"
"global/australia/clubs/brisbane.html","Rotary Club of Brisbane","rotary-club-of-brisbane","English","First 100"
"global/australia/newzealand.html","The beginnings of Rotary in New Zealand","the-beginnings-of-rotary-in-new-zealand","English","First 100"
"global/outline.html","Global Outline","global-outline","English","First 100"
"women.html","Index of /first100/women","index-of-first100-women","English","First 100"
"foundation/index.html","History of The Rotary Foundation","history-of-the-rotary-foundation","English","First 100"
"index.html","Index of /first100/first100","index-of-first100-first100","English","First 100"
"heroes/index.html","Rotary Global History Fellowship Heroes","rotary-global-history-fellowship-heroes","English","First 100"
"foundation/programs/foundation/index.html","The Foundation","the-foundation","English","First 100"
"foundation/programs/images/index.html","Index of /first100/foundation/programs/images","index-of-first100-foundation-programs-images","English","First 100"
"foundation/programs/index.html","Index of /first100/foundation/programs","index-of-first100-foundation-programs","English","First 100"
"foundation/timeline/index.html","Timeline TRF","timeline-trf","English","First 100"
"foundation/endowment/index.html","Endowment Fund","endowment-fund","English","First 100"
"foundation/room/index.html","Room dedicated","room-dedicated","English","First 100"
"foundation/images/index.html","Index of /first100/foundation/images","index-of-first100-foundation-images","English","First 100"
"foundation/xindex.php.html","History of The Rotary Foundation","history-of-the-rotary-foundation","English","First 100"
"foundation/index.html","Index of /first100/foundation","index-of-first100-foundation","English","First 100"
"historians/index.html","Historians","historians","English","First 100"
"historians/joekagle/essays.html","Joe Kagle Rotary Essays","joe-kagle-rotary-essays","English","First 100"
"leaders/davidson.html","James Wheeler Davidson","james-wheeler-davidson","English","First 100"
"leaders/morrow.html","Stuart Morrow","stuart-morrow","English","First 100"
"leaders/schiele.html","Silvester Schiele, First Rotary President","silvester-schiele-first-rotary-president","English","First 100"
"leaders/index.html","The Developers of Rotary","the-developers-of-rotary","English","First 100"
"leaders/skeel.html","Ernie Skeel","ernie-skeel","English","First 100"
"geschichtevonrotary/index.html","German Translation","german-translation","English","First 100"
"women/trustees/index.html","The First Female Trustees","the-first-female-trustees","English","First 100"
"women/video/index.html","The RGHF audio/video project","the-rghf-audio-video-project","English","First 100"
"women/directors/index.html","The First Women RI Directors","the-first-women-ri-directors","English","First 100"
"women/firstdgs/index.html","The First Class of District Governors","the-first-class-of-district-governors","English","First 100"
"women/firstdgs/holland.html","Janet W. Holland","janet-w-holland","English","First 100"
"women/jeanharris/index.html","Jean Thomson Harris","jean-thomson-harris","English","First 100"
"women/issues-legal.html","Legal Issues","legal-issues","English","First 100"
"women/issues-legal/index.html","Legal Issues","legal-issues","English","First 100"
"women/famous/index.html","Famous Women","famous-women","English","First 100"
"women/firstrip/index.html","The First Women PRESIDENT of RI","the-first-women-president-of-ri","English","First 100"
"women/iw/index.html","Countries, Districts and Clubs","countries-districts-and-clubs","English","First 100"
"women/issues-early/index.html","Women's Auxiliaries","women-s-auxiliaries","English","First 100"
"women/timeline/index.html","Rotary History Timeline","rotary-history-timeline","English","First 100"
"women/seconddgs/index.html","The First Class of District Governors","the-first-class-of-district-governors","English","First 100"
"women/firstdgs.html","The First Class of District Governors","the-first-class-of-district-governors","English","First 100"
"women/images/index.html","Index of /first100/women/images","index-of-first100-women-images","English","First 100"
"women/xindex.php.html","xindex.php","xindex-php","English","First 100"
"women/jeanharris.html","Jean Thomson Harris","jean-thomson-harris","English","First 100"
"women/index.html","Index of /first100/women","index-of-first100-women","English","First 100"
"women/clubpresidents/index.html","Early Club Presidents","early-club-presidents","English","First 100"
"women/timeline.html","Rotary History Timeline","rotary-history-timeline","English","First 100"
"women/voices/index.html","RGHF Voices","rghf-voices","English","First 100"
"japanese/index.html","日本でのロータリーのグローバルヒストリー","","Japanese","First 100"
"tribute/index.html","The Romance of Rotary In London","the-romance-of-rotary-in-london","English","First 100"
"menus/RGHF_menu.html","RGHF","rghf","English","First 100"
"menus/index.html","index","index","English","First 100"
"geschichtevonrotary.html","German Translation","german-translation","English","First 100"
"presidents/1938hager.html","1938 Hager","1938-hager","English","First 100"
"presidents/1935johnson.html","1935 Johnson","1935-johnson","English","First 100"
"presidents/1973carter.html","1973 Carter","1973-carter","English","First 100"
"presidents/1983skelton.html","1983 Skelton","1983-skelton","English","First 100"
"presidents/1940pereira.html","1940 Pereira","1940-pereira","English","First 100"
"presidents/1978renouf.html","Clem Renouf","clem-renouf","English","First 100"
"presidents/1959thomas.html","1959 Thomas","1959-thomas","English","First 100"
"presidents/1943wheeler.html","1943 Wheeler","1943-wheeler","English","First 100"
"presidents/1982mukasa/index.html","1982 Mukasa","1982-mukasa","English","First 100"
"presidents/1953cibils.html","1953 Cibils","1953-cibils","English","First 100"
"presidents/1991saboo.html","1991 Saboo","1991-saboo","English","First 100"
"presidents/1990costa.html","1990 Costa","1990-costa","English","First 100"
"presidents/1961abey.html","1961 Abey","1961-abey","English","First 100"
"presidents/1984canseco.html","1984 Canseco","1984-canseco","English","First 100"
"presidents/1916klumph.html","1916 Arch C. Klumph","1916-arch-c-klumph","English","First 100"
"presidents/conventions/1911.html","2nd Convention, Portland, Oregon","2nd-convention-portland-oregon","English","First 100"
"presidents/conventions/1927.html","1927 Ostende","1927-ostende","English","First 100"
"presidents/conventions/ri100.html","RI begins centennial planning","ri-begins-centennial-planning","English","First 100"
"presidents/conventions/1912.html","3rd Convention","3rd-convention","English","First 100"
"presidents/conventions/1914.html","5th Convention","5th-convention","English","First 100"
"presidents/conventions/1978.html","1978 Tokyo","1978-tokyo","English","First 100"
"presidents/conventions/1922.html","'22 Los Angeles","22-los-angeles","English","First 100"
"presidents/conventions/1927/1927ostende/assets/flash/page.html","1927 Rotary Convention","1927-rotary-convention","English","First 100"
"presidents/conventions/1927/1927ostende/assets/flash/spread.html","1927 Rotary Convention","1927-rotary-convention","English","First 100"
"presidents/conventions/1927/1927ostende/mobile/tablet.html","1927 Rotary Convention","1927-rotary-convention","English","First 100"
"presidents/conventions/1927/1927ostende/mobile/mobile.html","1927 Rotary Convention","1927-rotary-convention","English","First 100"
"presidents/conventions/1927/1927ostende/mobile/index.html","1927 Rotary Convention","1927-rotary-convention","English","First 100"
"presidents/conventions/1927/ostende.html","ostende","ostende","English","First 100"
"presidents/conventions/1915.html","6th Convention","6th-convention","English","First 100"
"presidents/conventions/1910.html","The First "Convention"","the-first-convention","English","First 100"
"presidents/conventions/1916.html","7th Convention","7th-convention","English","First 100"
"presidents/conventions/1921.html","12th convention - Edinburgh","12th-convention-edinburgh","Unknown","First 100"
"presidents/conventions/1997.html","The 88th convention","the-88th-convention","English","First 100"
"presidents/conventions/1935.html","The 26th Convention, Mexico City June 17-21","the-26th-convention-mexico-city-june-17-21","English","First 100"
"presidents/conventions/1933.html","The  24th Convention","the-24th-convention","English","First 100"
"presidents/conventions/1913.html","4th Convention","4th-convention","English","First 100"
"presidents/conventions/2004.html","2004 Osaka","2004-osaka","English","First 100"
"presidents/1954taylor.html","1954 Taylor","1954-taylor","English","First 100"
"presidents/1969conway.html","1969 Conway","1969-conway","English","First 100"
"presidents/1936manier.html","1936 Manier","1936-manier","English","First 100"
"presidents/1910harris.html","Rotary History Timeline","rotary-history-timeline","English","First 100"
"presidents/1976manchester.html","1976 Manchester","1976-manchester","English","First 100"
"presidents/1994huntley.html","1994 Huntley","1994-huntley","English","First 100"
"presidents/2006boyd.html","William B. (Bill) Boyd","william-b-bill-boyd","English","First 100"
"presidents/1937duperrey.html","1937 DuPerrey","1937-duperrey","English","First 100"
"presidents/1964petengill.html","1964 Petengill","1964-petengill","English","First 100"
"presidents/1980klarich.html","1980 Klarich","1980-klarich","English","First 100"
"presidents/1985cadman.html","1985 Cadman","1985-cadman","English","First 100"
"presidents/1947guernsey.html","Kendrick Guernsey ","kendrick-guernsey","English","First 100"
"presidents/1995brown.html","1995 Brown","1995-brown","English","First 100"
"presidents/1968togasaki.html","1968 Togasaki","1968-togasaki","English","First 100"
"presidents/1987keller.html","1987 Keller","1987-keller","English","First 100"
"presidents/1944wells.html","1944 Wells","1944-wells","English","First 100"
"presidents/1962laharry.html","1962 Laharry","1962-laharry","English","First 100"
"presidents/1950lagueux.html","1950 Lagueux","1950-lagueux","English","First 100"
"presidents/1999ravizza.html","1999 Ravizza","1999-ravizza","English","First 100"
"presidents/1931pascall.html","1931 Pascall","1931-pascall","English","First 100"
"presidents/1963miller.html","1963 Miller","1963-miller","English","First 100"
"presidents/1925adams.html","1925 Adams","1925-adams","English","First 100"
"presidents/1989archer.html","1989 Archer","1989-archer","English","First 100"
"presidents/1952brunnier.html","1952 Brunnier","1952-brunnier","English","First 100"
"presidents/1975mello.html","1975 Mello","1975-mello","English","First 100"
"presidents/1916klumph/klumph/booth.html","The Strange case of Abraham Lincoln, Tony Blair and Rotary","the-strange-case-of-abraham-lincoln-tony-blair-and-rotary","English","First 100"
"presidents/1916klumph/index.html","1916 Arch C. Klumph","1916-arch-c-klumph","English","First 100"
"presidents/1930roth.html","1930 Roth","1930-roth","English","First 100"
"presidents/2005stenhammar.html","Carl-Wilhelm Stenhammar","carl-wilhelm-stenhammar","English","First 100"
"presidents/1955baker.html","1955 Baker","1955-baker","English","First 100"
"presidents/1972hickman.html","1972 Hickman","1972-hickman","English","First 100"
"presidents/1970walk.html","1970 Walk","1970-walk","English","First 100"
"presidents/2010klinginsmith/index.html","Ray Klinginsmith","ray-klinginsmith","English","First 100"
"presidents/1949hodgson.html","1949 Hodgson","1949-hodgson","English","First 100"
"presidents/1974robbins.html","1974 Robbins","1974-robbins","English","First 100"
"presidents/1958randall.html","1958 Randall","1958-randall","English","First 100"
"presidents/2004estess.html","2004 Estess","2004-estess","English","First 100"
"presidents/1992dochterman.html","Clifford L. Dochterman","clifford-l-dochterman","English","First 100"
"presidents/2000devlyn.html","2000 Devlyn","2000-devlyn","English","First 100"
"presidents/1912mead.html","1912 Meade","1912-meade","English","First 100"
"presidents/1982mukasa.html","1982 Mukasa","1982-mukasa","English","First 100"
"presidents/1951spain.html","1951 Spain","1951-spain","English","First 100"
"presidents/1971breitholtz.html","1971 Breitholtz","1971-breitholtz","English","First 100"
"presidents/index.html","History of the Presidentes","history-of-the-presidentes","English","First 100"
"presidents/2001king.html","2001-2002 Richard D. King","2001-2002-richard-d-king","English","First 100"
"presidents/1981mccaffrey.html","1981 McCaffrey","1981-mccaffrey","English","First 100"
"presidents/1966evans.html","Richard L. Evans","richard-l-evans","English","First 100"
"presidents/1965teenstra.html","1965 Teenstra","1965-teenstra","English","First 100"
"presidents/1993barth.html","1993 Barth","1993-barth","English","First 100"
"presidents/1910harris/paulharris/health.html","Paul's Health","paul-s-health","English","First 100"
"presidents/1910harris/paulharris/memorial.html","The death of Paul Harris","the-death-of-paul-harris","English","First 100"
"presidents/1910harris/paulharris/comelybank/google8fbfa79400797b56.html","google8fbfa79400797b56","google8fbfa79400797b56","English","First 100"
"presidents/1910harris/paulharris/index.html","Rotary History Timeline","rotary-history-timeline","English","First 100"
"presidents/1996giay.html","1996 Giay","1996-giay","English","First 100"
"presidents/1977davis.html","1977 Davis","1977-davis","English","First 100"
"presidents/1919adams.html","1919 Adams","1919-adams","English","First 100"
"presidents/1988abbey.html","1988 Abbey","1988-abbey","English","First 100"
"presidents/1924hill.html","1924 Hill","1924-hill","English","First 100"
"presidents/1997kinross.html","1997 Kinross","1997-kinross","English","First 100"
"secretariat/futa.html","Ed Futa","ed-futa","English","First 100"
"secretariat/perry.html","The Secretariat of Rotary International","the-secretariat-of-rotary-international","English","First 100"
"secretariat/index.html","The Secretariat","the-secretariat","English","First 100"
"presidents.html","History of the Presidentes","history-of-the-presidentes","English","First 100"
"clubs/international/index.html","International Rotary Clubs","international-rotary-clubs","English","First 100"
"clubs/clubs-of-rips/youngstown.html","Youngstown, OH","youngstown-oh","English","First 100"
"clubs/clubs-of-rips/pakuranga.html","Pakuranga, New Zealand","pakuranga-new-zealand","English","First 100"
"clubs/clubs-of-rips/index.html","President's Home Clubs","president-s-home-clubs","English","First 100"
"clubs/clubs-of-rips/trenton.html","Rotary Club of Trenton, Ontario","rotary-club-of-trenton-ontario","English","First 100"
"clubs/_include/index.html","Index of /first100/clubs/_include","index-of-first100-clubs-include","English","First 100"
"clubs/ireland-uk/barc.html","B.A.R.C History","b-a-r-c-history","English","First 100"
"clubs/ireland-uk/index.html","The UK - Ireland History","the-uk-ireland-history","English","First 100"
"clubs/rips/index.html","Index of /first100/clubs/rips","index-of-first100-clubs-rips","English","First 100"
"clubs/clubs-with-conventions/index.html","index","index","English","First 100"
"clubs/clubs/index.html","Rotary First Fifty","rotary-first-fifty","English","First 100"
"clubs/100+/104macon.html","Macon 104","macon-104","English","First 100"
"clubs/100+/105southbend.html","South Bend 105","south-bend-105","English","First 100"
"clubs/100+/index.html","1 March 1914","1-march-1914","English","First 100"
"clubs/images/harrisinuk_lewis1.html","harrisinuk_lewis1","harrisinuk-lewis1","English","First 100"
"clubs/images/harrisinuk_lewis.html","harrisinuk_lewis","harrisinuk-lewis","English","First 100"
"clubs/images/index.html","Index of /first100/clubs/images","index-of-first100-clubs-images","English","First 100"
"clubs/xindex.php.html","xindex.php","xindex-php","English","First 100"
"clubs/rotaryone/index.html","Rotary One","rotary-one","English","First 100"
"clubs/rotaryone/bell.html","Rotary One","rotary-one","English","First 100"
"clubs/rotaryone.html","Rotary One","rotary-one","English","First 100"
"clubs/index.html","Index of /first100/clubs","index-of-first100-clubs","English","First 100"
"clubs/photogallery/photo9961/index.html","Index of /first100/clubs/photogallery/photo9961","index-of-first100-clubs-photogallery-photo9961","English","First 100"
"clubs/photogallery/index.html","Index of /first100/clubs/photogallery","index-of-first100-clubs-photogallery","English","First 100"
"clubs/cities/index.html","First fifty","first-fifty","English","First 100"
"clubs/canada/index.html","Canada Clubs","canada-clubs","English","First 100"
"clubs/200+/index.html","Landmark clubs","landmark-clubs","English","First 100"
"clubs/200+/1000york.html","#1000 York","1000-york","English","First 100"
"clubs/ireland-uk.html","The UK - Ireland History","the-uk-ireland-history","English","First 100"
"images/months/index.html","Index of /first100/images/months","index-of-first100-images-months","English","First 100"
"images/index.html","Index of /first100/images","index-of-first100-images","English","First 100"
"districts/banners/index.html","Club Banners","club-banners","English","First 100"
"districts/images/2220/index.html","Index of /first100/districts/images/2220","index-of-first100-districts-images-2220","English","First 100"
"districts/images/zone11/index.html","Index of /first100/districts/images/zone11","index-of-first100-districts-images-zone11","English","First 100"
"districts/images/index.html","Index of /first100/districts/images","index-of-first100-districts-images","English","First 100"
"districts/districts/1260/index.html","Index of /first100/districts/districts/1260","index-of-first100-districts-districts-1260","English","First 100"
"districts/districts/little/index.html","Geofrey Little","geofrey-little","English","First 100"
"districts/districts/7930/index.html","Index of /first100/districts/districts/7930","index-of-first100-districts-districts-7930","English","First 100"
"districts/districts/5240/index.html","Index of /first100/districts/districts/5240","index-of-first100-districts-districts-5240","English","First 100"
"districts/districts/1070/index.html","Index of /first100/districts/districts/1070","index-of-first100-districts-districts-1070","English","First 100"
"districts/districts/2350/index.html","Index of /first100/districts/districts/2350","index-of-first100-districts-districts-2350","English","First 100"
"districts/districts/index.html","Index of /first100/districts/districts","index-of-first100-districts-districts","English","First 100"
"districts/districts/1020/index.html","Index of /first100/districts/districts/1020","index-of-first100-districts-districts-1020","English","First 100"
"districts/districts/3230/index.html","Index of /first100/districts/districts/3230","index-of-first100-districts-districts-3230","English","First 100"
"districts/districts/3300/index.html","Index of /first100/districts/districts/3300","index-of-first100-districts-districts-3300","English","First 100"
"districts/xindex.php.html","xindex.php","xindex-php","English","First 100"
"districts/index.html","Index of /first100/districts","index-of-first100-districts","English","First 100"
"histoiredurotary/index.html","Introduction ","introduction","English","First 100"
"chinese/index.html","RGHF translated into Chinese","rghf-translated-into-chinese","English","First 100"
"philosophy/harris.html","Paul P. Harris","paul-p-harris","English","First 100"
"philosophy/coleridge.html","Samuel Taylor Coleridge","samuel-taylor-coleridge","English","First 100"
"philosophy/fellowship.html","fellowship","fellowship","English","First 100"
"philosophy/index.html","index","index","English","First 100"
"philosophy/emerson.html","Ralph Waldo Emerson","ralph-waldo-emerson","English","First 100"
"migration/index.html","index","index","English","First 100"
"why/index.html","Why I Am A Rotarian","why-i-am-a-rotarian","English","First 100"
"library/rotarian.html","The Rotarian Magazine","the-rotarian-magazine","English","First 100"
"library/monuments.html","Rotary Peace","rotary-peace","English","First 100"
"library/monuments/index.html","Rotary Peace","rotary-peace","English","First 100"
"library/trees/europe.html","The Friendship trees of Europe","the-friendship-trees-of-europe","English","First 100"
"library/trees/asia.html","The Friendship Trees of Asia","the-friendship-trees-of-asia","English","First 100"
"library/trees/australia.html","The Friendship trees of Australia/New Zealand","the-friendship-trees-of-australia-new-zealand","English","First 100"
"library/levy.html","History of RIBI","history-of-ribi","English","First 100"
"library/nicholl.html"," David Shelly Nicholl","david-shelly-nicholl","English","First 100"
"library/wallingford.html","The town that shaped","the-town-that-shaped","English","First 100"
"library/archives.html","Club Archives, according to RI","club-archives-according-to-ri","English","First 100"
"library/bibliography/index.html","RGHF/Rotary Bibliography","rghf-rotary-bibliography","English","First 100"
"library/index.html","index","index","English","First 100"
"library/organizations/youth/paul_harris_for_kids.html","Rotary and Youth","rotary-and-youth","English","First 100"
"library/organizations/charitable/shoeboxscheme.html","Organizations within Rotary and/","organizations-within-rotary-and","English","First 100"
"library/organizations/charitable/jaipurlimb.html","Organizations within Rotary and/","organizations-within-rotary-and","English","First 100"
"peace/one.html","Peace Journey, Part One","peace-journey-part-one","English","First 100"
"peace/index.html","index","index","English","First 100"
"districts.html","Index of /first100/districts","index-of-first100-districts","English","First 100"
"711.html","711","711","English","First 100"
"foundation.html","Index of /first100/foundation","index-of-first100-foundation","English","First 100"
"index.html","Index of /first100","index-of-first100","English","First 100"
"history/headings/speeches.html","Speeches","speeches","English","First 100"
"history/index.html","index","index","English","First 100"
"history/history/object.html","Object of Rotary","object-of-rotary","English","First 100"
"history/history/otherorganizations/oddfellows.html","Odd Fellows","odd-fellows","English","First 100"
"history/history/otherorganizations/freemasonry.html","Freemasonery","freemasonery","English","First 100"
"meetharris/index.html","Meet Paul Harris","meet-paul-harris","English","First 100"
"list.html","List of HTML Files for First100","list-of-html-files-for-first100","English","First 100"
